{
  "mainAssemblyName": "RentospectWebApp",
  "resources": {
    "hash": "sha256-7DiE4Xi3YsXugi5g3fRh3wqjiA8T2Otul+gdWvVrYlo=",
    "fingerprinting": {
      "Microsoft.AspNetCore.Authorization.2w73kwsssx.wasm": "Microsoft.AspNetCore.Authorization.wasm",
      "Microsoft.AspNetCore.Components.Authorization.e0r4mkkflt.wasm": "Microsoft.AspNetCore.Components.Authorization.wasm",
      "Microsoft.AspNetCore.Components.Forms.10rq3ezq5u.wasm": "Microsoft.AspNetCore.Components.Forms.wasm",
      "Microsoft.AspNetCore.Components.j488jpzr8a.wasm": "Microsoft.AspNetCore.Components.wasm",
      "Microsoft.AspNetCore.Components.Web.ir5q29spng.wasm": "Microsoft.AspNetCore.Components.Web.wasm",
      "Microsoft.AspNetCore.Components.WebAssembly.cyvzx8cskg.wasm": "Microsoft.AspNetCore.Components.WebAssembly.wasm",
      "Microsoft.AspNetCore.Metadata.bu2uasicbk.wasm": "Microsoft.AspNetCore.Metadata.wasm",
      "Microsoft.Extensions.Configuration.Abstractions.mhaat9wjkl.wasm": "Microsoft.Extensions.Configuration.Abstractions.wasm",
      "Microsoft.Extensions.Configuration.Json.0cm6d8ej68.wasm": "Microsoft.Extensions.Configuration.Json.wasm",
      "Microsoft.Extensions.Configuration.oqrnhsbrla.wasm": "Microsoft.Extensions.Configuration.wasm",
      "Microsoft.Extensions.DependencyInjection.Abstractions.7cw9sv9h6h.wasm": "Microsoft.Extensions.DependencyInjection.Abstractions.wasm",
      "Microsoft.Extensions.DependencyInjection.uum8fsrbn4.wasm": "Microsoft.Extensions.DependencyInjection.wasm",
      "Microsoft.Extensions.Diagnostics.Abstractions.hwwdzgiypz.wasm": "Microsoft.Extensions.Diagnostics.Abstractions.wasm",
      "Microsoft.Extensions.Diagnostics.9ekg8p6zqh.wasm": "Microsoft.Extensions.Diagnostics.wasm",
      "Microsoft.Extensions.Http.9l14snjxm8.wasm": "Microsoft.Extensions.Http.wasm",
      "Microsoft.Extensions.Logging.Abstractions.x2o7wlqd9k.wasm": "Microsoft.Extensions.Logging.Abstractions.wasm",
      "Microsoft.Extensions.Logging.3spf4ltbvn.wasm": "Microsoft.Extensions.Logging.wasm",
      "Microsoft.Extensions.Options.ttpttv0oen.wasm": "Microsoft.Extensions.Options.wasm",
      "Microsoft.Extensions.Primitives.5pxr7nzxwe.wasm": "Microsoft.Extensions.Primitives.wasm",
      "Microsoft.JSInterop.c2bp6jfgs0.wasm": "Microsoft.JSInterop.wasm",
      "Microsoft.JSInterop.WebAssembly.imfqvv3x5h.wasm": "Microsoft.JSInterop.WebAssembly.wasm",
      "Refit.HttpClientFactory.quzw5yd9f1.wasm": "Refit.HttpClientFactory.wasm",
      "Refit.sogb4xk4un.wasm": "Refit.wasm",
      "RentospectShared.ugm0gqp0ds.wasm": "RentospectShared.wasm",
      "RentospectWebApp.xpluortzzq.wasm": "RentospectWebApp.wasm",
      "System.Collections.Concurrent.aitn6gak1k.wasm": "System.Collections.Concurrent.wasm",
      "System.Collections.Immutable.aet5ig4eq3.wasm": "System.Collections.Immutable.wasm",
      "System.Collections.NonGeneric.1j1ioxl1mw.wasm": "System.Collections.NonGeneric.wasm",
      "System.Collections.Specialized.8gfdliksdd.wasm": "System.Collections.Specialized.wasm",
      "System.Collections.nlk62517t4.wasm": "System.Collections.wasm",
      "System.ComponentModel.Annotations.wg3pdmjk9v.wasm": "System.ComponentModel.Annotations.wasm",
      "System.ComponentModel.Primitives.sj5frd8s5k.wasm": "System.ComponentModel.Primitives.wasm",
      "System.ComponentModel.TypeConverter.ilne0nmj2j.wasm": "System.ComponentModel.TypeConverter.wasm",
      "System.ComponentModel.5y3o4qq5pj.wasm": "System.ComponentModel.wasm",
      "System.Console.8gzddztkdh.wasm": "System.Console.wasm",
      "System.Diagnostics.DiagnosticSource.cutv3v9719.wasm": "System.Diagnostics.DiagnosticSource.wasm",
      "System.IO.Pipelines.kapd30rafw.wasm": "System.IO.Pipelines.wasm",
      "System.Linq.Expressions.rvv7odcw6a.wasm": "System.Linq.Expressions.wasm",
      "System.Linq.v500hqii60.wasm": "System.Linq.wasm",
      "System.Memory.1ezqoijcc1.wasm": "System.Memory.wasm",
      "System.Net.Http.Json.ifycr018h2.wasm": "System.Net.Http.Json.wasm",
      "System.Net.Http.6hjemf6y7y.wasm": "System.Net.Http.wasm",
      "System.Net.Primitives.yjcmep7m7h.wasm": "System.Net.Primitives.wasm",
      "System.ObjectModel.ikukleiakp.wasm": "System.ObjectModel.wasm",
      "System.Private.CoreLib.au8gp9di6d.wasm": "System.Private.CoreLib.wasm",
      "System.Private.Uri.uhfvql48jq.wasm": "System.Private.Uri.wasm",
      "System.Runtime.InteropServices.JavaScript.f7txb1es0b.wasm": "System.Runtime.InteropServices.JavaScript.wasm",
      "System.Runtime.Serialization.Primitives.46jnyua3ck.wasm": "System.Runtime.Serialization.Primitives.wasm",
      "System.Runtime.bz989seleb.wasm": "System.Runtime.wasm",
      "System.Security.Claims.kqwrr4vdfw.wasm": "System.Security.Claims.wasm",
      "System.Text.Encodings.Web.e8bnsydrha.wasm": "System.Text.Encodings.Web.wasm",
      "System.Text.Json.sx17kkzn8l.wasm": "System.Text.Json.wasm",
      "System.Text.RegularExpressions.tpwd1zw84c.wasm": "System.Text.RegularExpressions.wasm",
      "System.Threading.ssb64zpz84.wasm": "System.Threading.wasm",
      "System.m0fu6d0eya.wasm": "System.wasm",
      "System.Web.HttpUtility.h1htfqt019.wasm": "System.Web.HttpUtility.wasm",
      "dotnet.js": "dotnet.js",
      "dotnet.native.9ih887ebfz.js": "dotnet.native.js",
      "dotnet.native.21mns4qp4i.wasm": "dotnet.native.wasm",
      "dotnet.runtime.st3wwc8rqy.js": "dotnet.runtime.js",
      "icudt_CJK.tjcz0u77k5.dat": "icudt_CJK.dat",
      "icudt_EFIGS.tptq2av103.dat": "icudt_EFIGS.dat",
      "icudt_no_CJK.lfu7j35m59.dat": "icudt_no_CJK.dat"
    },
    "jsModuleNative": {
      "dotnet.native.9ih887ebfz.js": "sha256-oS7IRiQoVt9ThQ7Y2UM3XoeY0JqPD02cg9IvRdufn2w="
    },
    "jsModuleRuntime": {
      "dotnet.runtime.st3wwc8rqy.js": "sha256-oBRKHAqZUsvCRnCzkQfB7zc45cpKLNq2NKyrG10IKx8="
    },
    "wasmNative": {
      "dotnet.native.21mns4qp4i.wasm": "sha256-RtuwNrUOdAJ5A4aS4ZmceO4ySriaYqTdC7X++6yd9lM="
    },
    "icu": {
      "icudt_CJK.tjcz0u77k5.dat": "sha256-SZLtQnRc0JkwqHab0VUVP7T3uBPSeYzxzDnpxPpUnHk=",
      "icudt_EFIGS.tptq2av103.dat": "sha256-8fItetYY8kQ0ww6oxwTLiT3oXlBwHKumbeP2pRF4yTc=",
      "icudt_no_CJK.lfu7j35m59.dat": "sha256-L7sV7NEYP37/Qr2FPCePo5cJqRgTXRwGHuwF5Q+0Nfs="
    },
    "coreAssembly": {
      "System.Private.CoreLib.au8gp9di6d.wasm": "sha256-PqJFOx2Rdo69ONVg3Qrl+M+e7NbfCaYTDPqh/r1I+Uw=",
      "System.Runtime.InteropServices.JavaScript.f7txb1es0b.wasm": "sha256-5X6FWiZE4NSx4s9iNjfVim2lWQpcbVIsorx1vB6lyno="
    },
    "assembly": {
      "Microsoft.AspNetCore.Authorization.2w73kwsssx.wasm": "sha256-TuHj5ssFCLndEvqfyOU/Fhc1wlXUccTZH7vp0vLJOJQ=",
      "Microsoft.AspNetCore.Components.Authorization.e0r4mkkflt.wasm": "sha256-Qvi3I114ccnXw5xEDuT0Ivahu1BRELLXIhJyNIbmJkM=",
      "Microsoft.AspNetCore.Components.Forms.10rq3ezq5u.wasm": "sha256-MZZTpP2g9lt3OcfLxg1njwUrYdFpdiftU6DWllfokjI=",
      "Microsoft.AspNetCore.Components.j488jpzr8a.wasm": "sha256-3T35OwhdW+6uB9CjjRACT68hq05RvR8Z9gaMpI7jfCI=",
      "Microsoft.AspNetCore.Components.Web.ir5q29spng.wasm": "sha256-Ulr5dYmz6LfKwOayW06uwxDLtjKwaSwlHUF7YkC+VVo=",
      "Microsoft.AspNetCore.Components.WebAssembly.cyvzx8cskg.wasm": "sha256-fNIr9U+hGYTp17WtClXdz/D1olH4f0YeAAP/L1NCXMU=",
      "Microsoft.AspNetCore.Metadata.bu2uasicbk.wasm": "sha256-48OkekHwy11k3ap7wJbs+vY7rlvpUc3SvDQtFzguKlc=",
      "Microsoft.Extensions.Configuration.Abstractions.mhaat9wjkl.wasm": "sha256-mhRneLYao0JGmw93CXVPjg15mmMjs02V9gxtikwiH5o=",
      "Microsoft.Extensions.Configuration.Json.0cm6d8ej68.wasm": "sha256-kKMubKJ3c2lATxpoAuoDqMjzQ+a0M6Ym35pK74cMK2o=",
      "Microsoft.Extensions.Configuration.oqrnhsbrla.wasm": "sha256-MP3BxPuTQctg5hXW6okZSnl3EfuFii63LzPW3LBtgh8=",
      "Microsoft.Extensions.DependencyInjection.Abstractions.7cw9sv9h6h.wasm": "sha256-91My4WAuy7hb8xPLmMKm0I8z9eeUnpXZ/O/rubyl7g0=",
      "Microsoft.Extensions.DependencyInjection.uum8fsrbn4.wasm": "sha256-Sgs1bgmGaF2mv6rWcaihc+x48ZQQAidfzYwZvYX5WJk=",
      "Microsoft.Extensions.Diagnostics.Abstractions.hwwdzgiypz.wasm": "sha256-0cq9Pp62pKRDhKmdTFSOg++qQ2HqBQfuZ23eJ8Ui8r8=",
      "Microsoft.Extensions.Diagnostics.9ekg8p6zqh.wasm": "sha256-QfcNgjdGE1w4p6P1ou6ZeNrjnXYnE8Vu89BGCCdKI0Q=",
      "Microsoft.Extensions.Http.9l14snjxm8.wasm": "sha256-81bAFVuPrQ7lz1m7C97FefkY985TN+1k7p9QXCkHwCs=",
      "Microsoft.Extensions.Logging.Abstractions.x2o7wlqd9k.wasm": "sha256-Vxb9NZiCGvrnM/sbjrhn/fkMo2Br+JCP56cdKUVn8g0=",
      "Microsoft.Extensions.Logging.3spf4ltbvn.wasm": "sha256-Q7i9FTsQm+88A3CkCadwu/hyUvo7pE5EtyB9tALhMYs=",
      "Microsoft.Extensions.Options.ttpttv0oen.wasm": "sha256-/76ZJ+tUha6MqHFeFPpBjS1M21NxNXw08GmxWPIQaR4=",
      "Microsoft.Extensions.Primitives.5pxr7nzxwe.wasm": "sha256-WXYpl64HUqc9+prJOz6dOEVvB8PFJhTdfqUMB3ZGRGA=",
      "Microsoft.JSInterop.c2bp6jfgs0.wasm": "sha256-ROZHlvInbvJaCWl+ubAPRYCUof0ymb8sWqH/jJxd2Jk=",
      "Microsoft.JSInterop.WebAssembly.imfqvv3x5h.wasm": "sha256-mpyjzA6YBuV9Qx5BUC8YbXP9YjZlM+k7YTVawzXJFgk=",
      "Refit.HttpClientFactory.quzw5yd9f1.wasm": "sha256-gnrYn04A5T89mEVJdmiSmD8tsRnKREtoQFsldYStTZI=",
      "Refit.sogb4xk4un.wasm": "sha256-PBFuCYJUT1pPAlB9SNhwH7I4UpQHGkhYYxC7taY8KBQ=",
      "RentospectShared.ugm0gqp0ds.wasm": "sha256-vrkkc44W3SIMUoZgQDernXrrLeiYqfP2YyUYwcrAO5c=",
      "RentospectWebApp.xpluortzzq.wasm": "sha256-i0KBwkG+phnjwhQCZk8TCXYHw1ID1wepT0fgbVLxoY4=",
      "System.Collections.Concurrent.aitn6gak1k.wasm": "sha256-IpvpGFWq2rdIRX4/6scLHf7rQ4e9PzowlPXa1ZHqxoU=",
      "System.Collections.Immutable.aet5ig4eq3.wasm": "sha256-EnYVRmRCzO9xeeW1GWWSs1VWuKT8CjHYbBF9VsYSTh0=",
      "System.Collections.NonGeneric.1j1ioxl1mw.wasm": "sha256-w1usuXKNK2j74xSspdrSCx4YAYIg/2gVNfLKMRO6vuA=",
      "System.Collections.Specialized.8gfdliksdd.wasm": "sha256-eIxg//Ae+6d9vxhbsn55PYGpeCcGAKD5U+9M+BOzG2U=",
      "System.Collections.nlk62517t4.wasm": "sha256-NQyjNHxoMWylLmYvwVjDgs7aUTKFphnPrcPkGlIBLQc=",
      "System.ComponentModel.Annotations.wg3pdmjk9v.wasm": "sha256-MK3WDgjmJuPQIJPQBcLkAx3yIqEu7y7GES4rmC5qT/8=",
      "System.ComponentModel.Primitives.sj5frd8s5k.wasm": "sha256-2JhVEOQy4ZZAKprBhMmmHg3ByX7Y46y/Ziu1ffQ8WOA=",
      "System.ComponentModel.TypeConverter.ilne0nmj2j.wasm": "sha256-9koH8SHpCp1JJkGYXvtzxG1+bxhpOAqGLso7gk14Cw8=",
      "System.ComponentModel.5y3o4qq5pj.wasm": "sha256-/TUgJRG3EZB5Bcfo9BEFJ61DIJLAJRTXeLYB1vnMd1Q=",
      "System.Console.8gzddztkdh.wasm": "sha256-uF3+ccS0JkFJ35TLnMMLOVGbw1Ot8bRhEsYhha1kpOY=",
      "System.Diagnostics.DiagnosticSource.cutv3v9719.wasm": "sha256-LEgy02dUvPq7hcweO39nS4HfH0eX2luupO/6GHFkZAc=",
      "System.IO.Pipelines.kapd30rafw.wasm": "sha256-tCvlwGJAx3TJMot5V3EE7CsL75IH2QH821792tEpUhM=",
      "System.Linq.Expressions.rvv7odcw6a.wasm": "sha256-J8kxfDpkmdsdlDr+IW+7uG+rIwvjij7jFl6OMJFdtaI=",
      "System.Linq.v500hqii60.wasm": "sha256-LQYiF7OBBi/a16RezSDHqXJkpgFeNjriWVNrCflLuT4=",
      "System.Memory.1ezqoijcc1.wasm": "sha256-V/r8w45qlpyHEWuOzlQtCeYG9HoeZPK4FYO03ymYcAY=",
      "System.Net.Http.Json.ifycr018h2.wasm": "sha256-TkQHyvigjtJY+RXjpEuVKAMcPapYvNcdwPsvhrbYW+8=",
      "System.Net.Http.6hjemf6y7y.wasm": "sha256-5lPEUc8fY37fNAjHwqNMPktvP21PIO1drXGX02qiU3M=",
      "System.Net.Primitives.yjcmep7m7h.wasm": "sha256-DqsumNiS0cF1FXZ5sSRsGHgAG63fChKhelkEA9f6A50=",
      "System.ObjectModel.ikukleiakp.wasm": "sha256-Plvspx59N0C/2+n8w2PHxa7F3W0cWjbzVdLpS4RHDbw=",
      "System.Private.Uri.uhfvql48jq.wasm": "sha256-zpF2f+QYEKKIGcMY3mxrtHuElcas9ll13Wce5IJz18I=",
      "System.Runtime.Serialization.Primitives.46jnyua3ck.wasm": "sha256-zLr0xleyD7h2qiqSj+Rcb6Rech7c3a4zKwmbsFyaN24=",
      "System.Runtime.bz989seleb.wasm": "sha256-eWLhm3C+Kjj1lERPB1daDnDEMQh2SxfGSx0Kl6UaqGA=",
      "System.Security.Claims.kqwrr4vdfw.wasm": "sha256-hGYCMXfxiyykZIKqPp3/emk9o9UYGQfy9Xb6+a+i3aA=",
      "System.Text.Encodings.Web.e8bnsydrha.wasm": "sha256-nowVPzdhrYNVwBj7BFC6KceUhojJ5Gz2vZGxT0qFoSA=",
      "System.Text.Json.sx17kkzn8l.wasm": "sha256-kFldoD72uxQFvS0MtLQWihtRv490RbNRvOuMKdUU+xs=",
      "System.Text.RegularExpressions.tpwd1zw84c.wasm": "sha256-HwyQaXGbdOK3arLjE8zbBUmQf6jRKyPnUXhAfN2W2yE=",
      "System.Threading.ssb64zpz84.wasm": "sha256-xD5tnD15aR+Mb3zXVJPIwzkgVJYgq6baMvrYebRR414=",
      "System.m0fu6d0eya.wasm": "sha256-hkGLo/MuT/FJ0Xf4XUL0D2VA4dZV532GHNB1JicxLko=",
      "System.Web.HttpUtility.h1htfqt019.wasm": "sha256-heJjIS0TxXlTOzoQF5/OcGGEsa8zaQLoOJWyssZdj1U="
    }
  },
  "cacheBootResources": true,
  "debugLevel": 0,
  "linkerEnabled": true,
  "appsettings": [
    "../appsettings.json"
  ],
  "globalizationMode": "sharded",
  "extensions": {
    "blazor": {}
  }
}