{
  "mainAssemblyName": "RentospectWebApp",
  "resources": {
    "hash": "sha256-PRLS2JP7ZaVyECdkouY/A1FxRRx49IZHLGyf8LUF3pg=",
    "fingerprinting": {
      "Microsoft.AspNetCore.Authorization.2w73kwsssx.wasm": "Microsoft.AspNetCore.Authorization.wasm",
      "Microsoft.AspNetCore.Components.Authorization.e0r4mkkflt.wasm": "Microsoft.AspNetCore.Components.Authorization.wasm",
      "Microsoft.AspNetCore.Components.Forms.10rq3ezq5u.wasm": "Microsoft.AspNetCore.Components.Forms.wasm",
      "Microsoft.AspNetCore.Components.j488jpzr8a.wasm": "Microsoft.AspNetCore.Components.wasm",
      "Microsoft.AspNetCore.Components.Web.ir5q29spng.wasm": "Microsoft.AspNetCore.Components.Web.wasm",
      "Microsoft.AspNetCore.Components.WebAssembly.cyvzx8cskg.wasm": "Microsoft.AspNetCore.Components.WebAssembly.wasm",
      "Microsoft.AspNetCore.Metadata.bu2uasicbk.wasm": "Microsoft.AspNetCore.Metadata.wasm",
      "Microsoft.Extensions.Configuration.Abstractions.mhaat9wjkl.wasm": "Microsoft.Extensions.Configuration.Abstractions.wasm",
      "Microsoft.Extensions.Configuration.Json.0cm6d8ej68.wasm": "Microsoft.Extensions.Configuration.Json.wasm",
      "Microsoft.Extensions.Configuration.oqrnhsbrla.wasm": "Microsoft.Extensions.Configuration.wasm",
      "Microsoft.Extensions.DependencyInjection.Abstractions.7cw9sv9h6h.wasm": "Microsoft.Extensions.DependencyInjection.Abstractions.wasm",
      "Microsoft.Extensions.DependencyInjection.uum8fsrbn4.wasm": "Microsoft.Extensions.DependencyInjection.wasm",
      "Microsoft.Extensions.Diagnostics.Abstractions.hwwdzgiypz.wasm": "Microsoft.Extensions.Diagnostics.Abstractions.wasm",
      "Microsoft.Extensions.Diagnostics.9ekg8p6zqh.wasm": "Microsoft.Extensions.Diagnostics.wasm",
      "Microsoft.Extensions.Http.9l14snjxm8.wasm": "Microsoft.Extensions.Http.wasm",
      "Microsoft.Extensions.Logging.Abstractions.x2o7wlqd9k.wasm": "Microsoft.Extensions.Logging.Abstractions.wasm",
      "Microsoft.Extensions.Logging.3spf4ltbvn.wasm": "Microsoft.Extensions.Logging.wasm",
      "Microsoft.Extensions.Options.ttpttv0oen.wasm": "Microsoft.Extensions.Options.wasm",
      "Microsoft.Extensions.Primitives.5pxr7nzxwe.wasm": "Microsoft.Extensions.Primitives.wasm",
      "Microsoft.JSInterop.c2bp6jfgs0.wasm": "Microsoft.JSInterop.wasm",
      "Microsoft.JSInterop.WebAssembly.imfqvv3x5h.wasm": "Microsoft.JSInterop.WebAssembly.wasm",
      "Refit.HttpClientFactory.quzw5yd9f1.wasm": "Refit.HttpClientFactory.wasm",
      "Refit.sogb4xk4un.wasm": "Refit.wasm",
      "RentospectShared.vyuu7zi25r.wasm": "RentospectShared.wasm",
      "RentospectWebApp.fjnh9s81ly.wasm": "RentospectWebApp.wasm",
      "System.Collections.Concurrent.8pi11h1eqf.wasm": "System.Collections.Concurrent.wasm",
      "System.Collections.Immutable.51q7ig28ph.wasm": "System.Collections.Immutable.wasm",
      "System.Collections.NonGeneric.i71sijstko.wasm": "System.Collections.NonGeneric.wasm",
      "System.Collections.Specialized.h299tyuc7s.wasm": "System.Collections.Specialized.wasm",
      "System.Collections.c50slnprsy.wasm": "System.Collections.wasm",
      "System.ComponentModel.Annotations.efi3ezizhs.wasm": "System.ComponentModel.Annotations.wasm",
      "System.ComponentModel.Primitives.iy61xa2bsd.wasm": "System.ComponentModel.Primitives.wasm",
      "System.ComponentModel.TypeConverter.bfqeahn8oe.wasm": "System.ComponentModel.TypeConverter.wasm",
      "System.ComponentModel.jzuedxd7v1.wasm": "System.ComponentModel.wasm",
      "System.Console.6m7mcn7iv4.wasm": "System.Console.wasm",
      "System.Diagnostics.DiagnosticSource.yv6iuuk6r9.wasm": "System.Diagnostics.DiagnosticSource.wasm",
      "System.IO.Pipelines.k6xrvw54s2.wasm": "System.IO.Pipelines.wasm",
      "System.Linq.Expressions.c4ewcpbojw.wasm": "System.Linq.Expressions.wasm",
      "System.Linq.pqz70ggu3l.wasm": "System.Linq.wasm",
      "System.Memory.ab7vwhpj7d.wasm": "System.Memory.wasm",
      "System.Net.Http.Json.iynpqelto7.wasm": "System.Net.Http.Json.wasm",
      "System.Net.Http.prjiv5io0o.wasm": "System.Net.Http.wasm",
      "System.Net.Primitives.1fsqvrmube.wasm": "System.Net.Primitives.wasm",
      "System.ObjectModel.d1jsvxs1nm.wasm": "System.ObjectModel.wasm",
      "System.Private.CoreLib.md7z9a5r9r.wasm": "System.Private.CoreLib.wasm",
      "System.Private.Uri.atd26z37fo.wasm": "System.Private.Uri.wasm",
      "System.Runtime.InteropServices.JavaScript.u9tzo6t7zm.wasm": "System.Runtime.InteropServices.JavaScript.wasm",
      "System.Runtime.Serialization.Primitives.ggplu3koyj.wasm": "System.Runtime.Serialization.Primitives.wasm",
      "System.Runtime.qb6qt3jvoe.wasm": "System.Runtime.wasm",
      "System.Security.Claims.hbvas0evf5.wasm": "System.Security.Claims.wasm",
      "System.Text.Encodings.Web.8qvkegu1ci.wasm": "System.Text.Encodings.Web.wasm",
      "System.Text.Json.91muw4jmef.wasm": "System.Text.Json.wasm",
      "System.Text.RegularExpressions.nv0w7fat8w.wasm": "System.Text.RegularExpressions.wasm",
      "System.Threading.51bubf8ll2.wasm": "System.Threading.wasm",
      "System.t4d4s3f398.wasm": "System.wasm",
      "System.Web.HttpUtility.rcooxpkhlz.wasm": "System.Web.HttpUtility.wasm",
      "dotnet.native.m8n6wm89tn.js": "dotnet.native.js",
      "dotnet.native.0jhcynm07l.wasm": "dotnet.native.wasm",
      "dotnet.js": "dotnet.js",
      "dotnet.runtime.9o45ky8ejm.js": "dotnet.runtime.js",
      "icudt_CJK.tjcz0u77k5.dat": "icudt_CJK.dat",
      "icudt_EFIGS.tptq2av103.dat": "icudt_EFIGS.dat",
      "icudt_no_CJK.lfu7j35m59.dat": "icudt_no_CJK.dat"
    },
    "jsModuleNative": {
      "dotnet.native.m8n6wm89tn.js": "sha256-2kyrN6eayXzKiFvc0/RSDlxLbJLcHTOJmQ8tTBiVnrU="
    },
    "jsModuleRuntime": {
      "dotnet.runtime.9o45ky8ejm.js": "sha256-6QIZYgG+ftoT9N1H1EEJeXIhD/qbKqEcnmawDskiwdI="
    },
    "wasmNative": {
      "dotnet.native.0jhcynm07l.wasm": "sha256-RJ70MWm4rYzCKR7MQY/HE7SxNnHegacOCGE/adx2oH8="
    },
    "icu": {
      "icudt_CJK.tjcz0u77k5.dat": "sha256-SZLtQnRc0JkwqHab0VUVP7T3uBPSeYzxzDnpxPpUnHk=",
      "icudt_EFIGS.tptq2av103.dat": "sha256-8fItetYY8kQ0ww6oxwTLiT3oXlBwHKumbeP2pRF4yTc=",
      "icudt_no_CJK.lfu7j35m59.dat": "sha256-L7sV7NEYP37/Qr2FPCePo5cJqRgTXRwGHuwF5Q+0Nfs="
    },
    "coreAssembly": {
      "System.Private.CoreLib.md7z9a5r9r.wasm": "sha256-5s5UAIQpG7mFVF9CSCcM1xnFd/INShDcBhXXiqj3K+I=",
      "System.Runtime.InteropServices.JavaScript.u9tzo6t7zm.wasm": "sha256-8v7jVijrzRlaTmvdds4+ZNyPL5DYfnYnzFYT2HtkqwM="
    },
    "assembly": {
      "Microsoft.AspNetCore.Authorization.2w73kwsssx.wasm": "sha256-TuHj5ssFCLndEvqfyOU/Fhc1wlXUccTZH7vp0vLJOJQ=",
      "Microsoft.AspNetCore.Components.Authorization.e0r4mkkflt.wasm": "sha256-Qvi3I114ccnXw5xEDuT0Ivahu1BRELLXIhJyNIbmJkM=",
      "Microsoft.AspNetCore.Components.Forms.10rq3ezq5u.wasm": "sha256-MZZTpP2g9lt3OcfLxg1njwUrYdFpdiftU6DWllfokjI=",
      "Microsoft.AspNetCore.Components.j488jpzr8a.wasm": "sha256-3T35OwhdW+6uB9CjjRACT68hq05RvR8Z9gaMpI7jfCI=",
      "Microsoft.AspNetCore.Components.Web.ir5q29spng.wasm": "sha256-Ulr5dYmz6LfKwOayW06uwxDLtjKwaSwlHUF7YkC+VVo=",
      "Microsoft.AspNetCore.Components.WebAssembly.cyvzx8cskg.wasm": "sha256-fNIr9U+hGYTp17WtClXdz/D1olH4f0YeAAP/L1NCXMU=",
      "Microsoft.AspNetCore.Metadata.bu2uasicbk.wasm": "sha256-48OkekHwy11k3ap7wJbs+vY7rlvpUc3SvDQtFzguKlc=",
      "Microsoft.Extensions.Configuration.Abstractions.mhaat9wjkl.wasm": "sha256-mhRneLYao0JGmw93CXVPjg15mmMjs02V9gxtikwiH5o=",
      "Microsoft.Extensions.Configuration.Json.0cm6d8ej68.wasm": "sha256-kKMubKJ3c2lATxpoAuoDqMjzQ+a0M6Ym35pK74cMK2o=",
      "Microsoft.Extensions.Configuration.oqrnhsbrla.wasm": "sha256-MP3BxPuTQctg5hXW6okZSnl3EfuFii63LzPW3LBtgh8=",
      "Microsoft.Extensions.DependencyInjection.Abstractions.7cw9sv9h6h.wasm": "sha256-91My4WAuy7hb8xPLmMKm0I8z9eeUnpXZ/O/rubyl7g0=",
      "Microsoft.Extensions.DependencyInjection.uum8fsrbn4.wasm": "sha256-Sgs1bgmGaF2mv6rWcaihc+x48ZQQAidfzYwZvYX5WJk=",
      "Microsoft.Extensions.Diagnostics.Abstractions.hwwdzgiypz.wasm": "sha256-0cq9Pp62pKRDhKmdTFSOg++qQ2HqBQfuZ23eJ8Ui8r8=",
      "Microsoft.Extensions.Diagnostics.9ekg8p6zqh.wasm": "sha256-QfcNgjdGE1w4p6P1ou6ZeNrjnXYnE8Vu89BGCCdKI0Q=",
      "Microsoft.Extensions.Http.9l14snjxm8.wasm": "sha256-81bAFVuPrQ7lz1m7C97FefkY985TN+1k7p9QXCkHwCs=",
      "Microsoft.Extensions.Logging.Abstractions.x2o7wlqd9k.wasm": "sha256-Vxb9NZiCGvrnM/sbjrhn/fkMo2Br+JCP56cdKUVn8g0=",
      "Microsoft.Extensions.Logging.3spf4ltbvn.wasm": "sha256-Q7i9FTsQm+88A3CkCadwu/hyUvo7pE5EtyB9tALhMYs=",
      "Microsoft.Extensions.Options.ttpttv0oen.wasm": "sha256-/76ZJ+tUha6MqHFeFPpBjS1M21NxNXw08GmxWPIQaR4=",
      "Microsoft.Extensions.Primitives.5pxr7nzxwe.wasm": "sha256-WXYpl64HUqc9+prJOz6dOEVvB8PFJhTdfqUMB3ZGRGA=",
      "Microsoft.JSInterop.c2bp6jfgs0.wasm": "sha256-ROZHlvInbvJaCWl+ubAPRYCUof0ymb8sWqH/jJxd2Jk=",
      "Microsoft.JSInterop.WebAssembly.imfqvv3x5h.wasm": "sha256-mpyjzA6YBuV9Qx5BUC8YbXP9YjZlM+k7YTVawzXJFgk=",
      "Refit.HttpClientFactory.quzw5yd9f1.wasm": "sha256-gnrYn04A5T89mEVJdmiSmD8tsRnKREtoQFsldYStTZI=",
      "Refit.sogb4xk4un.wasm": "sha256-PBFuCYJUT1pPAlB9SNhwH7I4UpQHGkhYYxC7taY8KBQ=",
      "RentospectShared.vyuu7zi25r.wasm": "sha256-R2v6Jxfyde9B8+789KOJT3/wTL4pLUsyujk2Se3tJ+I=",
      "RentospectWebApp.fjnh9s81ly.wasm": "sha256-a+qw7FSk3Mg0UjFY7fPIhlANiI2F6WBy8VVzZFA6Axg=",
      "System.Collections.Concurrent.8pi11h1eqf.wasm": "sha256-FNaT3Xle/TuaWVkzawKhtsjNXNoKEbzNdll3uUjDtk8=",
      "System.Collections.Immutable.51q7ig28ph.wasm": "sha256-iTHa/08wP719Tz2XM9ThjALiKFNy9/Z9I2ekBNv6NmM=",
      "System.Collections.NonGeneric.i71sijstko.wasm": "sha256-HnPyCjp913llZTrj4x5a5ZnBjd85wQaKPp8G7Jhrkjg=",
      "System.Collections.Specialized.h299tyuc7s.wasm": "sha256-KXvNl1sBl1V7c5qNTLZMuenm3fKRJnFiYqZ6K8cEdbo=",
      "System.Collections.c50slnprsy.wasm": "sha256-QM9fzWOTqmSu06rOtPNwWxSfIddeAyHMJxT0w32j1oI=",
      "System.ComponentModel.Annotations.efi3ezizhs.wasm": "sha256-CprwF2LCxzUh1JpCFsEgPcAVDYuXxekd4mM2pH2OFMM=",
      "System.ComponentModel.Primitives.iy61xa2bsd.wasm": "sha256-hh18sQNPnh/TGY5LYbTx68YTxt4SBjZ+phXh2/VOlAY=",
      "System.ComponentModel.TypeConverter.bfqeahn8oe.wasm": "sha256-Rxsc8Ib0axQuG1KCNzXAGp3vZ+pnHPun2A0E996GI0c=",
      "System.ComponentModel.jzuedxd7v1.wasm": "sha256-X3UhzHQ8oPw+1gIAtrUd6W8sed1kmYYoxOaMl2S3kZw=",
      "System.Console.6m7mcn7iv4.wasm": "sha256-8vcuXHGNnR7lE0y0A6aVnSSKTASyBYd4OSrKAVrMUs4=",
      "System.Diagnostics.DiagnosticSource.yv6iuuk6r9.wasm": "sha256-XskO59ohf48+uGq79lZXFKg3UDo5Pw6nG9WX5xt5c+E=",
      "System.IO.Pipelines.k6xrvw54s2.wasm": "sha256-RNBkMougJwG2U4NAJtGo8zjRUiP0ErF57gN3oL3rx6Y=",
      "System.Linq.Expressions.c4ewcpbojw.wasm": "sha256-fE/z79hssh4cXpM/+KF4BUYHTdzFKDGhgnmWcMrG8zU=",
      "System.Linq.pqz70ggu3l.wasm": "sha256-T49cJABOBUm+I4dk3yvLM/svkS9bAR9Rp5Oy/RS9vvU=",
      "System.Memory.ab7vwhpj7d.wasm": "sha256-xorhBlZmntNH3ZmVxwbmzxuBvgMXMih9rW1T2ZsY7jQ=",
      "System.Net.Http.Json.iynpqelto7.wasm": "sha256-dthQoFH9Lsu5BrUbobjTX0tgp+0Clna9Jo1ixK9C6RE=",
      "System.Net.Http.prjiv5io0o.wasm": "sha256-a/j9JXvOtvDs8phn5mj5W8BmDbjIKy82yS2BuM9Vvy0=",
      "System.Net.Primitives.1fsqvrmube.wasm": "sha256-Xb32U/MP2y5ADjviFThqpTKqpDtBKsZaGzeYiK/QQnA=",
      "System.ObjectModel.d1jsvxs1nm.wasm": "sha256-nw0PWkIQZXTGxgO+iLoQP1ElvmA+mG5ZK8AlzdKuPj4=",
      "System.Private.Uri.atd26z37fo.wasm": "sha256-btQfpIMIylZi/Gz5MX2St+mMDb60ye+4Nagc+6cEvFw=",
      "System.Runtime.Serialization.Primitives.ggplu3koyj.wasm": "sha256-4IEeJXAHKZfQDpfcIyW9CtPjubNFpw0Dq0ndc3uEVSI=",
      "System.Runtime.qb6qt3jvoe.wasm": "sha256-ekRe3aFt0gbfT5+wim+0GL9sYNP8dzlSRTjASLiCJ3k=",
      "System.Security.Claims.hbvas0evf5.wasm": "sha256-8wY7QSG5qqLhAJJeVr8PNO9jdfKWCHbr7QQyPkVrrLQ=",
      "System.Text.Encodings.Web.8qvkegu1ci.wasm": "sha256-oAvGjE7zOfELanuhXBazvipywX/fnbrfBmWPDH/R3bw=",
      "System.Text.Json.91muw4jmef.wasm": "sha256-DSsmxalvL9lfsUtTZ49lhLqrX7clAyR2KQOvXFBYXqU=",
      "System.Text.RegularExpressions.nv0w7fat8w.wasm": "sha256-jVBKbJnAFbaY/ktbVEcBXqzyPNibvD2KrVJuCgyx4ys=",
      "System.Threading.51bubf8ll2.wasm": "sha256-WdovTmoCqEowsOYWWzRAXZHH2IUUTYx/q98g1qUBC/k=",
      "System.t4d4s3f398.wasm": "sha256-fVP2BxRRKpBA0PmBbKxmO45bXDrAXVn1GthlDclLbeU=",
      "System.Web.HttpUtility.rcooxpkhlz.wasm": "sha256-S9ZJlWBBt25AEKtXvn7DE4zdvjU/rSl94NNuHijMAmc="
    }
  },
  "cacheBootResources": true,
  "debugLevel": 0,
  "linkerEnabled": true,
  "appsettings": [
    "../appsettings.json"
  ],
  "globalizationMode": "sharded",
  "extensions": {
    "blazor": {}
  }
}